{
  "Ainv": [
    [0.399999, -0.199994],
    [-0.2, 0.599997]
  ],
  "iteracoes": [
    {
      "iteracao": 0,
      "valores": [1.99995, 2.99995]
    },
    {
      "iteracao": 1,
      "valores": [2.00002, 2.99999]
    }
  ],
  "deslocamentos": [2.00002, 2.99999]
}
