{
  "Ainv": [
    [0.313558, -0.135593, -0.025424],
    [-0.228813, 0.288135, -0.0084743],
    [0.118644, -0.18644, 0.152542]
  ],
  "iteracoes": [
    {
      "iteracao": 0,
      "valores": [-0.0338993, 0.322033, 0.203389]
    },
    {
      "iteracao": 1,
      "valores": [-0.0338975, 0.322034, 0.20339]
    }
  ],
  "deslocamentos": [-0.0338975, 0.322034, 0.20339]
}
