{
  "Ainv": [
    [0.313558, -0.135593, -0.025424],
    [-0.228813, 0.288135, -0.0084743],
    [0.118644, -0.18644, 0.152542]
  ],
  "iteracoes": [
    {
      "iteracao": 0,
      "valores": [0.644066, -0.118646, 0.135591]
    },
    {
      "iteracao": 1,
      "valores": [0.644069, -0.118645, 0.135594]
    }
  ],
  "deslocamentos": [0.644069, -0.118645, 0.135594]
}
